timestamp,generator_fuel_litres
1993-01-01,46837
1993-02-01,44224
1993-03-01,60008
1993-04-01,66361
1993-05-01,73614
1993-06-01,68455
1993-07-01,70883
1993-08-01,69062
1993-09-01,68592
1993-10-01,62229
1993-11-01,50975
1993-12-01,57053
1994-01-01,51568
1994-02-01,58484
1994-03-01,76078
1994-04-01,74699
1994-05-01,78484
1994-06-01,68931
1994-07-01,73453
1994-08-01,75598
1994-09-01,69716
1994-10-01,65339
1994-11-01,59819
1994-12-01,53094
1995-01-01,53587
1995-02-01,54743
1995-03-01,61617
1995-04-01,61463
1995-05-01,65657
1995-06-01,64673
1995-07-01,59942
1995-08-01,69094
1995-09-01,63870
1995-10-01,62003
1995-11-01,54392
1995-12-01,53070
1996-01-01,48309
1996-02-01,52263
1996-03-01,57795
1996-04-01,58533
1996-05-01,68915
1996-06-01,60460
1996-07-01,65854
1996-08-01,65699
1996-09-01,61383
1996-10-01,61849
1996-11-01,53479
1996-12-01,52755
1997-01-01,49877
1997-02-01,47039
1997-03-01,55874
1997-04-01,63655
1997-05-01,71595
1997-06-01,65415
1997-07-01,74792
1997-08-01,70679
1997-09-01,63957
1997-10-01,63711
1997-11-01,52666
1997-12-01,50265
1998-01-01,44981
1998-02-01,47092
1998-03-01,54409
1998-04-01,59613
1998-05-01,68362
1998-06-01,56935
1998-07-01,65080
1998-08-01,60948
1998-09-01,59421
1998-10-01,58667
1998-11-01,48478
1998-12-01,44645
1999-01-01,48847
1999-02-01,43846
1999-03-01,51693
1999-04-01,57425
1999-05-01,64140
1999-06-01,59237
1999-07-01,63856
1999-08-01,64204
1999-09-01,60470
1999-10-01,57913
1999-11-01,47062
1999-12-01,44914
2000-01-01,41865
2000-02-01,42825
2000-03-01,52185
2000-04-01,52929
2000-05-01,61298
2000-06-01,55861
2000-07-01,60676
2000-08-01,57875
2000-09-01,54752
2000-10-01,55574
2000-11-01,45786
2000-12-01,39528
2001-01-01,36831
2001-02-01,39571
2001-03-01,45127
2001-04-01,52466
2001-05-01,53685
2001-06-01,53264
2001-07-01,56715
2001-08-01,59503
2001-09-01,54855
2001-10-01,50538
2001-11-01,42353
2001-12-01,40945
2002-01-01,37370
2002-02-01,37502
2002-03-01,47340
2002-04-01,50658
2002-05-01,54016
2002-06-01,56689
2002-07-01,56077
2002-08-01,55538
2002-09-01,50089
2002-10-01,52785
2002-11-01,45700
2002-12-01,40148
2003-01-01,35652
2003-02-01,29850
2003-03-01,27240
2003-04-01,35784
2003-05-01,35848
2003-06-01,37692
2003-07-01,42260
2003-08-01,45466
2003-09-01,40183
2003-10-01,30214
2003-11-01,29937
2003-12-01,28098
2004-01-01,26813
2004-02-01,30456
2004-03-01,34493
2004-04-01,39088
2004-05-01,36841
2004-06-01,48628
2004-07-01,45693
2004-08-01,34251
2004-09-01,34683
2004-10-01,32596
2004-11-01,28652
2004-12-01,25344
2005-01-01,30882
2005-02-01,28616
2005-03-01,30238
2005-04-01,38349
2005-05-01,51229
2005-06-01,33661
2005-07-01,50726
2005-08-01,44143
2005-09-01,38300
2005-10-01,35050
2005-11-01,24680
2005-12-01,28472
2006-01-01,34356
2006-02-01,24641
2006-03-01,30904
2006-04-01,21235
2006-05-01,45658
2006-06-01,31052
2006-07-01,43473
2006-08-01,40448
2006-09-01,36661
2006-10-01,30967
2006-11-01,23496
2006-12-01,24284
2007-01-01,32332
2007-02-01,24330
2007-03-01,29201
2007-04-01,35533
2007-05-01,29720
2007-06-01,30077
2007-07-01,29449
2007-08-01,36777
2007-09-01,35755
2007-10-01,31896
2007-11-01,25224
2007-12-01,37601
2008-01-01,27326
2008-02-01,21574
2008-03-01,26214
2008-04-01,32745
2008-05-01,25445
2008-06-01,32107
2008-07-01,39812
2008-08-01,38285
2008-09-01,36741
2008-10-01,31446
2008-11-01,25243
2008-12-01,33015
2009-01-01,29292
2009-02-01,22152
2009-03-01,20817
2009-04-01,28998
2009-05-01,33356
2009-06-01,34514
2009-07-01,32417
2009-08-01,37963
2009-09-01,30912
2009-10-01,29516
2009-11-01,24547
2009-12-01,56042
2010-01-01,28132
2010-02-01,21105
2010-03-01,20834
2010-04-01,27516
2010-05-01,26591
2010-06-01,30479
2010-07-01,36020
2010-08-01,35144
2010-09-01,32352
2010-10-01,30210
2010-11-01,31100
2010-12-01,22550
2011-01-01,22539
2011-02-01,22294
2011-03-01,24345
2011-04-01,36200
2011-05-01,39400
2011-06-01,32236
2011-07-01,38027
2011-08-01,27433
2011-09-01,34588
2011-10-01,40321
2011-11-01,27234
2011-12-01,32178
2012-01-01,24564
2012-02-01,20500
2012-03-01,26511
2012-04-01,36085
2012-05-01,41728
2012-06-01,46463
2012-07-01,44269
2012-08-01,37428
2012-09-01,38394
2012-10-01,37149
2012-11-01,23350
2012-12-01,23983
2013-01-01,29294
2013-02-01,21857
2013-03-01,30991
2013-04-01,32814
2013-05-01,37963
2013-06-01,36199
2013-07-01,36121
2013-08-01,32268
2013-09-01,27422
2013-10-01,26105
2013-11-01,35812
2013-12-01,31588
2014-01-01,28641
2014-02-01,18530
2014-03-01,23643
2014-04-01,18399
2014-05-01,23181
2014-06-01,31975
2014-07-01,29300
2014-08-01,21689
2014-09-01,16479
2014-10-01,18546
2014-11-01,19103
2014-12-01,17769
2015-01-01,22157
2015-02-01,15705
2015-03-01,18157
2015-04-01,21976
2015-05-01,40926
2015-06-01,31682
2015-07-01,44776
2015-08-01,36469
2015-09-01,29212
2015-10-01,23384
2015-11-01,22961
2015-12-01,3148
2016-01-01,27815
2016-02-01,19142
