timestamp,electricity_kwh
1986-01-01,131866.0
1986-02-01,132245.0
1986-03-01,132624.0
1986-04-01,159096.0
1986-05-01,168630.0
1986-06-01,171122.0
1986-07-01,171248.0
1986-08-01,172494.0
1986-09-01,159418.0
1986-10-01,153104.0
1986-11-01,139720.0
1986-12-01,130816.0
1987-01-01,122822.0
1987-02-01,132034.0
1987-03-01,147854.0
1987-04-01,154140.0
1987-05-01,168210.0
1987-06-01,162050.0
1987-07-01,172536.0
1987-08-01,177730.0
1987-09-01,162652.0
1987-10-01,152180.0
1987-11-01,133476.0
1987-12-01,112042.0
1988-01-01,127806.0
1988-02-01,135464.0
1988-03-01,156758.0
1988-04-01,157332.0
1988-05-01,156170.0
1988-06-01,161112.0
1988-07-01,168574.0
1988-08-01,162932.0
1988-09-01,157766.0
1988-10-01,154014.0
1988-11-01,138446.0
1988-12-01,121030.0
1989-01-01,124600.0
1989-02-01,126434.0
1989-03-01,142380.0
1989-04-01,143206.0
1989-05-01,161770.0
1989-06-01,104020.0
1989-07-01,181580.0
1989-08-01,181580.0
1989-09-01,181580.0
1989-10-01,181580.0
1989-11-01,181580.0
1989-12-01,181580.0
1990-01-01,181580.0
1990-02-01,186899.0
1990-03-01,179960.0
1990-04-01,173021.0
1990-05-01,166082.0
1990-06-01,175014.0
1990-07-01,178906.0
1990-08-01,181720.0
1990-09-01,150010.0
1990-10-01,161238.0
1990-11-01,131782.0
1990-12-01,128192.0
1991-01-01,117964.0
1991-02-01,131684.0
1991-03-01,152712.0
1991-04-01,161686.0
1991-05-01,186438.0
1991-06-01,177912.0
1991-07-01,186186.0
1991-08-01,189812.0
1991-09-01,177030.0
1991-10-01,170240.0
1991-11-01,151396.0
1991-12-01,138334.0
1992-01-01,155960.0
1992-02-01,154560.0
1992-03-01,180530.0
1992-04-01,185080.0
1992-05-01,189840.0
1992-06-01,186741.0
1992-07-01,212562.0
1992-08-01,221824.0
1992-09-01,207634.0
1992-10-01,199122.0
1992-11-01,169694.0
1993-01-01,133295.0
1993-02-01,148505.0
1993-03-01,179051.0
1993-04-01,189779.0
1993-05-01,206185.0
1993-06-01,197923.0
1993-07-01,203385.0
1993-08-01,198118.0
1993-09-01,187794.0
1993-10-01,179090.0
1993-11-01,161825.0
1993-12-01,181536.0
1994-01-01,171500.0
1994-02-01,173657.0
1994-03-01,194716.0
1994-04-01,198951.0
1994-05-01,210663.0
1994-06-01,191390.0
1994-07-01,207354.0
1994-08-01,215036.0
1994-09-01,198832.0
1994-10-01,190548.0
1994-11-01,182124.0
1994-12-01,172340.0
1995-01-01,177596.0
1995-02-01,161417.0
1995-03-01,210419.0
1995-04-01,194366.0
1995-05-01,217484.0
1995-06-01,214907.0
1995-07-01,202772.0
1995-08-01,223804.0
1995-09-01,207154.0
1995-10-01,201505.0
1995-11-01,178051.0
1995-12-01,174160.0
1996-01-01,162977.0
1996-02-01,159970.0
1996-03-01,196460.0
1996-04-01,188630.0
1996-05-01,214241.0
1996-06-01,194263.0
1996-07-01,203673.0
1996-08-01,197839.0
1996-09-01,189485.0
1996-10-01,190873.0
1996-11-01,169907.0
1996-12-01,163608.0
1997-01-01,167591.0
1997-02-01,152336.0
1997-03-01,183457.0
1997-04-01,199936.0
1997-05-01,215160.0
1997-06-01,201084.0
1997-07-01,207035.0
1997-08-01,208333.0
1997-09-01,193992.0
1997-10-01,186592.0
1997-11-01,157472.0
1997-12-01,159765.0
1998-01-01,155902.0
1998-02-01,145384.0
1998-03-01,172450.0
1998-04-01,181250.0
1998-05-01,182061.0
1998-06-01,173775.0
1998-07-01,187368.0
1998-08-01,182492.0
1998-09-01,170778.0
1998-10-01,169310.0
1998-11-01,151369.0
1998-12-01,139480.0
1999-01-01,145482.0
1999-02-01,139031.0
1999-03-01,166170.0
1999-04-01,168087.0
1999-05-01,177535.0
1999-06-01,168768.0
1999-07-01,178194.0
1999-08-01,181487.0
1999-09-01,168518.0
1999-10-01,170277.0
1999-11-01,150153.0
1999-12-01,148585.0
2000-01-01,144130.0
2000-02-01,140929.0
2000-03-01,162454.0
2000-04-01,159625.0
2000-05-01,176085.0
2000-06-01,167688.0
2000-07-01,184341.0
2000-08-01,181852.0
2000-09-01,169718.0
2000-10-01,173193.0
2000-11-01,154350.0
2000-12-01,141504.0
2001-01-01,123114.0
2001-02-01,132070.0
2001-03-01,154953.0
2001-04-01,158364.0
2001-05-01,170945.0
2001-06-01,172582.0
2001-07-01,187104.0
2001-08-01,193678.0
2001-09-01,180675.0
2001-10-01,168268.0
2001-11-01,143897.0
2001-12-01,136778.0
2002-01-01,130650.0
2002-02-01,133675.0
2002-03-01,162329.0
2002-04-01,160303.0
2002-05-01,174011.0
2002-06-01,178971.0
2002-07-01,184323.0
2002-08-01,183261.0
2002-09-01,166869.0
2002-10-01,173473.0
2002-11-01,150241.0
2002-12-01,138513.0
2003-01-01,127837.0
2003-02-01,105360.0
2003-03-01,100059.0
2003-04-01,118044.0
2003-05-01,123355.0
2003-06-01,120361.0
2003-07-01,133075.0
2003-08-01,147763.0
2003-09-01,116381.0
2003-10-01,96235.0
2003-11-01,94190.0
2003-12-01,93820.0
2004-01-01,91029.0
2004-02-01,102220.0
2004-03-01,113472.0
2004-04-01,115758.0
2004-05-01,122069.0
2004-06-01,153091.0
2004-07-01,142933.0
2004-08-01,105667.0
2004-09-01,97196.0
2004-10-01,83344.0
2004-11-01,95471.0
2004-12-01,80256.0
2005-01-01,99268.0
2005-02-01,92643.0
2005-03-01,97165.0
2005-04-01,106833.0
2005-05-01,122499.0
2005-06-01,87737.0
2005-07-01,138371.0
2005-08-01,117023.0
2005-09-01,104306.0
2005-10-01,88546.0
2005-11-01,71837.0
2005-12-01,85529.0
2006-01-01,101991.0
2006-02-01,70427.0
2006-03-01,76183.0
2006-04-01,55901.0
2006-05-01,117814.0
2006-06-01,83806.0
2006-07-01,109923.0
2006-08-01,101347.0
2006-09-01,94645.0
2006-10-01,82632.0
2006-11-01,66516.0
2006-12-01,76816.0
2007-01-01,94312.0
2007-02-01,71851.0
2007-03-01,78271.0
2007-04-01,90571.0
2007-05-01,80305.0
2007-06-01,75449.0
2007-07-01,62826.0
2007-09-01,88676.0
2007-10-01,85981.0
2007-11-01,76809.0
2007-12-01,112781.0
2008-01-01,82907.0
2008-02-01,63367.0
2008-03-01,73804.0
2008-04-01,90628.0
2008-05-01,68962.0
2008-06-01,76519.0
2008-07-01,106860.0
2008-08-01,96750.0
2008-09-01,94375.0
2008-10-01,86962.0
2008-11-01,70942.0
2008-12-01,100425.0
2009-01-01,91949.0
2009-02-01,75518.0
2009-03-01,59851.0
2009-04-01,82341.0
2009-05-01,99844.0
2009-06-01,102800.0
2009-07-01,102548.0
2009-08-01,113652.0
2009-09-01,92585.0
2009-10-01,91088.0
2009-11-01,74096.0
2009-12-01,15005.0
2010-01-01,62785.0
2010-02-01,40010.0
2010-03-01,55219.0
2010-04-01,81130.0
2010-05-01,72648.0
2010-06-01,86337.0
2010-07-01,96318.0
2010-08-01,100563.0
2010-09-01,95057.0
2010-10-01,90676.0
2010-11-01,93361.0
2010-12-01,69394.0
2011-01-01,76358.0
2011-02-01,76580.0
2011-03-01,80659.0
2011-04-01,103351.0
2011-05-01,118705.0
2011-06-01,103423.0
2011-07-01,116278.0
2011-08-01,94604.0
2011-09-01,105516.0
2011-10-01,126780.0
2011-11-01,92203.0
2011-12-01,107910.0
2012-01-01,83209.0
2012-02-01,68022.0
2012-03-01,84057.0
2012-04-01,110077.0
2012-05-01,121215.0
2012-06-01,105476.0
2012-07-01,122837.0
2012-08-01,109183.0
2012-09-01,112144.0
2012-10-01,115189.0
2012-11-01,76173.0
2012-12-01,86123.0
2013-01-01,70102.0
2013-02-01,72344.0
2013-03-01,92241.0
2013-04-01,101461.0
2013-05-01,117848.0
2013-06-01,107577.0
2013-07-01,106896.0
2013-08-01,98738.0
2013-09-01,86710.0
2013-10-01,84054.0
2013-11-01,109484.0
2013-12-01,129031.0
2014-01-01,91568.0
2014-02-01,61993.0
2014-03-01,75925.0
2014-04-01,57497.0
2014-05-01,71246.0
2014-06-01,90038.0
2014-07-01,84856.0
2014-08-01,66928.0
2014-09-01,53178.0
2014-10-01,60301.0
2014-11-01,64722.0
2014-12-01,58538.0
2015-01-01,71071.0
2015-02-01,55693.0
2015-03-01,65291.0
2015-04-01,78051.0
2015-05-01,133034.0
2015-06-01,92603.0
2015-07-01,134418.0
2015-08-01,99657.0
2015-09-01,89104.0
2015-10-01,78649.0
2015-11-01,77277.0
2015-12-01,80210.0
2016-01-01,77620.0
2016-02-01,65859.0
