timestamp,predicted_demand_kw,solar_generation_kw,wind_generation_kw,renewable_used_kw,battery_charge_kw,battery_discharge_kw,battery_soc_percent,diesel_generation_kw,diesel_fuel_litres,curtailed_renewable_kw,unmet_demand_kw
2023-12-31 00:00:00,146.46,11.14,158.99,146.46,0.0,0.0,50.0,0.0,0.0,23.67,0.0
2023-12-31 01:00:00,145.03,18.46,148.61,145.03,0.0,0.0,50.0,0.0,0.0,22.04,0.0
2023-12-31 02:00:00,145.69,23.22,147.35,145.69,0.0,0.0,50.0,0.0,0.0,24.88,0.0
2023-12-31 03:00:00,146.02,31.17,180.65,146.02,0.0,0.0,50.0,0.0,0.0,65.8,0.0
2023-12-31 04:00:00,146.12,39.83,200.0,146.12,0.0,0.0,50.0,0.0,0.0,93.71,0.0
2023-12-31 05:00:00,147.9,48.18,191.91,147.9,0.0,0.0,50.0,0.0,0.0,92.19,0.0
2023-12-31 06:00:00,148.71,55.78,187.94,148.71,0.0,0.0,50.0,0.0,0.0,95.01,0.0
2023-12-31 07:00:00,150.51,61.29,160.76,150.51,0.0,0.0,50.0,0.0,0.0,71.54,0.0
2023-12-31 08:00:00,151.92,62.31,169.83,151.92,0.0,0.0,50.0,0.0,0.0,80.22,0.0
2023-12-31 09:00:00,153.47,65.62,158.55,153.47,0.0,0.0,50.0,0.0,0.0,70.7,0.0
2023-12-31 10:00:00,155.42,64.34,155.05,155.42,0.0,0.0,50.0,0.0,0.0,63.97,0.0
2023-12-31 11:00:00,156.58,52.67,168.9,156.58,0.0,0.0,50.0,0.0,0.0,64.99,0.0
2023-12-31 12:00:00,156.15,45.42,105.59,151.01,0.0,5.14,48.19,0.0,0.0,0.0,0.0
2023-12-31 13:00:00,156.84,34.72,194.92,156.84,0.0,0.0,48.19,0.0,0.0,72.8,0.0
2023-12-31 14:00:00,158.24,30.58,180.65,158.24,0.0,0.0,48.19,0.0,0.0,52.99,0.0
2023-12-31 15:00:00,156.71,22.41,180.17,156.71,0.0,0.0,48.19,0.0,0.0,45.87,0.0
2023-12-31 16:00:00,155.39,13.18,200.0,155.39,0.0,0.0,48.19,0.0,0.0,57.79,0.0
2023-12-31 17:00:00,155.08,7.15,200.0,155.08,0.0,0.0,48.19,0.0,0.0,52.07,0.0
2023-12-31 18:00:00,152.53,3.69,200.0,152.53,0.0,0.0,48.19,0.0,0.0,51.16,0.0
2023-12-31 19:00:00,150.42,1.27,200.0,150.42,0.0,0.0,48.19,0.0,0.0,50.85,0.0
2023-12-31 20:00:00,148.4,0.0,200.0,148.4,0.0,0.0,48.19,0.0,0.0,51.6,0.0
2023-12-31 21:00:00,147.14,0.6,200.0,177.37,30.23,0.0,57.75,0.0,0.0,23.23,0.0
2023-12-31 22:00:00,144.55,1.71,200.0,201.71,57.16,0.0,75.83,0.0,0.0,0.0,0.0
2023-12-31 23:00:00,144.07,4.69,200.0,204.69,60.62,0.0,95.0,0.0,0.0,0.0,0.0
